{
  "0,0": {
    "up": -4.336773749155285,
    "down": -6.498648266203425,
    "left": -5.951896285480342,
    "right": -4.297716992645539
  },
  "0,1": {
    "up": -4.408736066860267,
    "down": -4.379067777668165,
    "left": -9.90268045153763,
    "right": -4.364099522871805
  },
  "0,2": {
    "up": -4.472445191178903,
    "down": -4.464293594790582,
    "left": -9.376457766456243,
    "right": -4.473875590740258
  },
  "0,3": {
    "up": -4.557052121988584,
    "down": -4.582693439123424,
    "left": -10.079594378744476,
    "right": -4.562105413397344
  },
  "0,4": {
    "up": -4.731893389920639,
    "down": -4.747620025211468,
    "left": -9.752279003663743,
    "right": -4.76529585392552
  },
  "0,5": {
    "up": -4.680942537083601,
    "down": -5.040516256642523,
    "left": -12.016342762791503,
    "right": -4.351625324870134
  },
  "0,6": {
    "up": -13.351558987712822,
    "down": -4.918452536101692,
    "left": -13.351449102605397,
    "right": -3.7237880782000143
  },
  "0,7": {
    "up": 0.0,
    "down": 0.0,
    "left": 0.0,
    "right": 0.0
  },
  "0,8": {
    "up": 0.0,
    "down": 0.0,
    "left": 0.0,
    "right": 0.0
  },
  "0,9": {
    "up": -0.09361000000000001,
    "down": 7.4581341716709995,
    "left": 0.0,
    "right": 0.0
  },
  "0,10": {
    "up": -1.0,
    "down": 0.20779999999999998,
    "left": -1.0,
    "right": -0.10900000000000001
  },
  "1,0": {
    "up": -4.285348883608299,
    "down": -10.517514934024941,
    "left": -4.235633729804241,
    "right": -4.25590113206421
  },
  "1,1": {
    "up": -4.320358536160253,
    "down": -4.312023498623728,
    "left": -4.345703728051576,
    "right": -4.304850263925239
  },
  "1,2": {
    "up": -4.427455974680453,
    "down": -4.38207864872024,
    "left": -4.417644460389397,
    "right": -4.387674234664253
  },
  "1,3": {
    "up": -4.494668100011065,
    "down": -4.515686756729632,
    "left": -4.47042066351201,
    "right": -4.460957804530827
  },
  "1,4": {
    "up": -4.528062786762166,
    "down": -4.609113215608251,
    "left": -4.633333005383228,
    "right": -4.613557644416731
  },
  "1,5": {
    "up": -3.723788154213561,
    "down": -4.8820909367023875,
    "left": -4.8875509446933,
    "right": -4.254158587128478
  },
  "1,6": {
    "up": -12.723760745177147,
    "down": -4.351591017753748,
    "left": -4.351627129281232,
    "right": -3.0264311980000134
  },
  "1,7": {
    "up": 0.0,
    "down": 0.0,
    "left": 0.0,
    "right": 0.0
  },
  "1,8": {
    "up": 6.199683033910686,
    "down": -0.9999970746840025,
    "left": 9.999999999999993,
    "right": 6.198980217105202
  },
  "1,9": {
    "up": 1.1624174333187525,
    "down": 7.999999986018717,
    "left": 2.6338388068610006,
    "right": 2.1512272727300235
  },
  "1,10": {
    "up": -1.0,
    "down": 4.446377518342893,
    "left": -0.19,
    "right": -0.2211877400608
  },
  "2,0": {
    "up": -4.159687310141049,
    "down": -7.661986494402481,
    "left": -4.153316806590218,
    "right": -4.192140029103643
  },
  "2,1": {
    "up": -4.182932328817821,
    "down": -4.187422164954312,
    "left": -4.244258239538402,
    "right": -4.2077901752595395
  },
  "2,2": {
    "up": -4.279551159052533,
    "down": -4.228687458532152,
    "left": -4.290976337879241,
    "right": -4.259508924824152
  },
  "2,3": {
    "up": -4.340277818833968,
    "down": -4.295525698187968,
    "left": -4.323425803231723,
    "right": -4.290232043219942
  },
  "2,4": {
    "up": -4.222762095207045,
    "down": -4.3635241506530384,
    "left": -4.420126929336657,
    "right": -4.337974318795645
  },
  "2,5": {
    "up": -3.0264909925380525,
    "down": -4.463774661829374,
    "left": -4.390260524893862,
    "right": -3.8183310624888627
  },
  "2,6": {
    "up": -12.025355756140932,
    "down": -3.7245522435091587,
    "left": -3.7238047465649498,
    "right": -2.251590220000012
  },
  "2,7": {
    "up": 0.0,
    "down": 0.0,
    "left": 0.0,
    "right": 0.0
  },
  "2,8": {
    "up": 4.577345967099671,
    "down": -2.800000536285936,
    "left": 7.999999999999991,
    "right": 4.579887951093948
  },
  "2,9": {
    "up": -0.5823163240204858,
    "down": 0.8921509999999986,
    "left": 6.199800269653799,
    "right": 0.24599051143406558
  },
  "2,10": {
    "up": -1.9098100000000002,
    "down": 1.4561993477357709,
    "left": -0.49988341000000003,
    "right": -0.6135732491074702
  },
  "3,0": {
    "up": -4.109662570586071,
    "down": -7.683199760180409,
    "left": -4.078704530386989,
    "right": -4.075694318372624
  },
  "3,1": {
    "up": -4.112483383494323,
    "down": -4.118179244548494,
    "left": -4.09269388563661,
    "right": -4.119645166728143
  },
  "3,2": {
    "up": -4.086373199358068,
    "down": -4.088715956517996,
    "left": -4.161635322562204,
    "right": -4.083669252635043
  },
  "3,3": {
    "up": -4.052944944239891,
    "down": -4.093078230264817,
    "left": -4.095178835510292,
    "right": -4.080445544354298
  },
  "3,4": {
    "up": -3.656967482154278,
    "down": -4.034788093097799,
    "left": -4.0748706707738025,
    "right": -4.044378403107062
  },
  "3,5": {
    "up": -2.251757976240088,
    "down": -4.1824805103774825,
    "left": -3.9808551142252036,
    "right": -3.705407828664777
  },
  "3,6": {
    "up": -11.25157501433179,
    "down": -3.0280146267312844,
    "left": -3.0264667586410705,
    "right": -1.3906558000000113
  },
  "3,7": {
    "up": 0.0,
    "down": 0.0,
    "left": 0.0,
    "right": 0.0
  },
  "3,8": {
    "up": 3.1211776738764088,
    "down": -4.419999108241455,
    "left": 6.199999999999989,
    "right": 3.1219739704775384
  },
  "3,9": {
    "up": -0.5809045847625346,
    "down": 4.579921685554096,
    "left": 0.4622515811751262,
    "right": 0.41199882427459394
  },
  "3,10": {
    "up": -4.143527317019922,
    "down": 1.1529319132576867,
    "left": -0.7186595869826602,
    "right": -0.7649055308308614
  },
  "4,0": {
    "up": -3.929065460736628,
    "down": -9.536256874712507,
    "left": -3.951558252506261,
    "right": -3.956961610939952
  },
  "4,1": {
    "up": -3.9731458291146353,
    "down": -3.9160655867279597,
    "left": -4.067054419526258,
    "right": -3.9583358041819743
  },
  "4,2": {
    "up": -3.916582122912609,
    "down": -3.9502276084021233,
    "left": -3.9568343557962593,
    "right": -3.9041635527623106
  },
  "4,3": {
    "up": -3.832451290909058,
    "down": -3.8831685875558373,
    "left": -3.8728743400773595,
    "right": -3.8479733660487168
  },
  "4,4": {
    "up": -3.2721686364543947,
    "down": -3.732420618078362,
    "left": -3.8172705334550976,
    "right": -3.71372382283514
  },
  "4,5": {
    "up": -1.3908021244095168,
    "down": -3.7422724492480692,
    "left": -3.453393784475813,
    "right": -2.798844239867017
  },
  "4,6": {
    "up": -10.390624595963626,
    "down": -2.252872929165026,
    "left": -2.2516104682286437,
    "right": -0.4340620000000116
  },
  "4,7": {
    "up": 0.0,
    "down": 0.0,
    "left": 0.0,
    "right": 0.0
  },
  "4,8": {
    "up": 1.8085750932200786,
    "down": -5.87798796475767,
    "left": 4.579999999999986,
    "right": 1.809794739966447
  },
  "4,9": {
    "up": -1.467023529105868,
    "down": 3.121876034701695,
    "left": 0.5080672794731,
    "right": -0.1174482386663479
  },
  "4,10": {
    "up": -4.3510087954363925,
    "down": -0.6531837706350608,
    "left": -1.2211742233240686,
    "right": -1.6397010064164734
  },
  "5,0": {
    "up": -3.803713152276786,
    "down": -10.382800539000721,
    "left": -3.8362933994226602,
    "right": -3.882466683110259
  },
  "5,1": {
    "up": -3.761260683130022,
    "down": -3.7988096943224323,
    "left": -3.8711198918687755,
    "right": -3.7949140928924128
  },
  "5,2": {
    "up": -3.683373721550456,
    "down": -3.7345167440697127,
    "left": -3.7650932704108966,
    "right": -3.799785426941426
  },
  "5,3": {
    "up": -3.52836327146138,
    "down": -3.628876445256371,
    "left": -3.648675953098668,
    "right": -3.66631708204622
  },